GROUP,PACKAGE,CLASS,INSTRUCTION_MISSED,INSTRUCTION_COVERED,BRANCH_MISSED,BRANCH_COVERED,LINE_MISSED,LINE_COVERED,COMPLEXITY_MISSED,COMPLEXITY_COVERED,METHOD_MISSED,METHOD_COVERED
ImranSubhan-20JuneSoftware1,com.qa.ims.controller,BasketController,160,0,2,0,43,0,8,0,7,0
ImranSubhan-20JuneSoftware1,com.qa.ims.controller,ItemController,83,31,0,2,23,9,6,4,6,3
ImranSubhan-20JuneSoftware1,com.qa.ims.controller,Action,116,0,2,0,18,0,6,0,5,0
ImranSubhan-20JuneSoftware1,com.qa.ims.controller,CustomerController,2,120,0,2,1,34,1,7,1,6
ImranSubhan-20JuneSoftware1,com.qa.ims,Ims,220,35,21,2,57,9,18,4,4,3
ImranSubhan-20JuneSoftware1,com.qa.ims,Runner,14,0,0,0,5,0,3,0,3,0
ImranSubhan-20JuneSoftware1,com.qa.ims.persistence.dao,BasketDao,399,0,2,0,83,0,12,0,11,0
ImranSubhan-20JuneSoftware1,com.qa.ims.persistence.dao,ItemDao,78,228,0,2,28,42,1,10,1,9
ImranSubhan-20JuneSoftware1,com.qa.ims.persistence.dao,CustomerDaoMysql,78,227,0,2,28,42,1,10,1,9
ImranSubhan-20JuneSoftware1,com.qa.ims.services,ItemServices,28,0,0,0,8,0,5,0,5,0
ImranSubhan-20JuneSoftware1,com.qa.ims.services,BasketServices,28,0,0,0,8,0,5,0,5,0
ImranSubhan-20JuneSoftware1,com.qa.ims.services,CustomerServices,16,12,0,0,4,4,3,2,3,2
ImranSubhan-20JuneSoftware1,com.qa.ims.persistence.domain,Basket,44,81,0,0,5,33,2,14,2,14
ImranSubhan-20JuneSoftware1,com.qa.ims.persistence.domain,Domain,33,83,2,0,9,11,3,3,2,3
ImranSubhan-20JuneSoftware1,com.qa.ims.persistence.domain,Item,27,106,15,9,12,30,12,10,0,10
ImranSubhan-20JuneSoftware1,com.qa.ims.persistence.domain,Customer,0,176,0,30,0,48,0,26,0,11
ImranSubhan-20JuneSoftware1,com.qa.ims.utils,Utils,16,0,0,0,4,0,4,0,4,0
